{"cameraMode":{"drawMode":0,"name":"Shaded","section":"Shading Mode"},"sceneLighting":true,"audioPlay":false,"sceneViewState":{"showFog":true,"showMaterialUpdate":false,"showSkybox":true,"showFlares":true,"showImageEffects":true,"showParticleSystems":true},"in2DMode":false,"pivot":{"x":1.6190357208251954,"y":-0.07553482055664063,"z":3.3346385955810549},"rotation":{"x":-0.10454286634922028,"y":0.19470781087875367,"z":-0.02087620459496975,"w":-0.9750515818595886},"size":12.686845779418946,"orthographic":false}