{"cameraMode":{"drawMode":0,"name":"Shaded","section":"Shading Mode"},"sceneLighting":false,"audioPlay":false,"sceneViewState":{"showFog":true,"showMaterialUpdate":false,"showSkybox":true,"showFlares":true,"showImageEffects":true,"showParticleSystems":true},"in2DMode":false,"pivot":{"x":265.44610595703127,"y":115.69512176513672,"z":-103.70452880859375},"rotation":{"x":0.002137385541573167,"y":0.9872961640357971,"z":0.01332927867770195,"w":-0.15831659734249116},"size":14.378599166870118,"orthographic":true}