{"cameraMode":{"drawMode":0,"name":"Shaded","section":"Shading Mode"},"sceneLighting":true,"audioPlay":false,"sceneViewState":{"showFog":true,"showMaterialUpdate":false,"showSkybox":true,"showFlares":true,"showImageEffects":true,"showParticleSystems":true},"in2DMode":false,"pivot":{"x":0.81756591796875,"y":-1.451171875,"z":8.21875},"rotation":{"x":0.04195607453584671,"y":-0.03895591199398041,"z":0.0016365082701668144,"w":0.9983618855476379},"size":10.104093551635743,"orthographic":true}