{"cameraMode":{"drawMode":0,"name":"Shaded","section":"Shading Mode"},"sceneLighting":true,"audioPlay":false,"sceneViewState":{"showFog":true,"showMaterialUpdate":false,"showSkybox":true,"showFlares":true,"showImageEffects":true,"showParticleSystems":true},"in2DMode":false,"pivot":{"x":0.9497533440589905,"y":-3.1470484733581545,"z":2.4946959018707277},"rotation":{"x":0.002999646821990609,"y":-1.2758549416957977e-7,"z":-0.000003737455926966504,"w":1.0000066757202149},"size":2.6137583255767824,"orthographic":true}