{"cameraMode":{"drawMode":0,"name":"Shaded","section":"Shading Mode"},"sceneLighting":true,"audioPlay":false,"sceneViewState":{"showFog":true,"showMaterialUpdate":false,"showSkybox":true,"showFlares":true,"showImageEffects":true,"showParticleSystems":true},"in2DMode":false,"pivot":{"x":-0.7376551628112793,"y":-1.002197265625,"z":6.5594682693481449},"rotation":{"x":0.0015000064158812166,"y":0.00450003519654274,"z":-0.0000067563414631877098,"w":0.999988853931427},"size":5.825608253479004,"orthographic":true}