{"cameraMode":{"drawMode":0,"name":"Shaded","section":"Shading Mode"},"sceneLighting":true,"audioPlay":false,"sceneViewState":{"showFog":true,"showMaterialUpdate":false,"showSkybox":true,"showFlares":true,"showImageEffects":true,"showParticleSystems":true},"in2DMode":false,"pivot":{"x":0.60205078125,"y":-2.2417449951171877,"z":5.8662109375},"rotation":{"x":0.010248993523418904,"y":-0.2172417789697647,"z":0.0022811288945376875,"w":0.9760620594024658},"size":5.01148796081543,"orthographic":true}