{"cameraMode":{"drawMode":0,"name":"Shaded","section":"Shading Mode"},"sceneLighting":false,"audioPlay":false,"sceneViewState":{"showFog":true,"showMaterialUpdate":false,"showSkybox":true,"showFlares":true,"showImageEffects":true,"showParticleSystems":true},"in2DMode":false,"pivot":{"x":0.48713380098342898,"y":-0.8182932734489441,"z":1.7455861568450928},"rotation":{"x":0.027736114338040353,"y":0.9581400752067566,"z":-0.09952320158481598,"w":0.26702648401260378},"size":39.88796615600586,"orthographic":false}