{"cameraMode":{"drawMode":0,"name":"Shaded","section":"Shading Mode"},"sceneLighting":true,"audioPlay":false,"sceneViewState":{"showFog":true,"showMaterialUpdate":false,"showSkybox":true,"showFlares":true,"showImageEffects":true,"showParticleSystems":true},"in2DMode":false,"pivot":{"x":0.21087646484375,"y":-1.3017578125,"z":-0.0185546875},"rotation":{"x":0.01647792011499405,"y":-0.05097115412354469,"z":0.0008422395912930369,"w":0.9985676407814026},"size":6.438326358795166,"orthographic":true}