{"cameraMode":{"drawMode":0,"name":"Shaded","section":"Shading Mode"},"sceneLighting":false,"audioPlay":false,"sceneViewState":{"showFog":true,"showMaterialUpdate":false,"showSkybox":false,"showFlares":true,"showImageEffects":true,"showParticleSystems":true},"in2DMode":false,"pivot":{"x":0.07325851917266846,"y":0.6083121299743652,"z":-0.0005102157592773438},"rotation":{"x":-0.019319918006658555,"y":-0.1351616233587265,"z":-0.002635766752064228,"w":0.9906339645385742},"size":4.158837795257568,"orthographic":false}