{"cameraMode":{"drawMode":0,"name":"Shaded","section":"Shading Mode"},"sceneLighting":false,"audioPlay":false,"sceneViewState":{"showFog":true,"showMaterialUpdate":false,"showSkybox":false,"showFlares":true,"showImageEffects":true,"showParticleSystems":true},"in2DMode":false,"pivot":{"x":-2.384185791015625e-7,"y":2.3913609981536867,"z":-1.913923740386963},"rotation":{"x":0.42840278148651125,"y":-0.564408004283905,"z":0.42872345447540285,"w":0.5607291460037231},"size":10.805957794189454,"orthographic":false}