{"cameraMode":{"drawMode":0,"name":"Shaded","section":"Shading Mode"},"sceneLighting":true,"audioPlay":false,"sceneViewState":{"showFog":true,"showMaterialUpdate":false,"showSkybox":true,"showFlares":true,"showImageEffects":true,"showParticleSystems":true},"in2DMode":false,"pivot":{"x":6.037790775299072,"y":-0.22887086868286134,"z":17.445802688598634},"rotation":{"x":0.13159804046154023,"y":-0.15261463820934297,"z":0.020055508241057397,"w":0.9793528318405151},"size":17.430063247680665,"orthographic":true}